Record Type,Material Number,Material Description,Receiving Plant Location,MRP Quantity,Order Unit,Delivery Date,Document Type,Document Number,Planned Delivery,"Time,Commit Zone (Days)",Commit Zone Quantity,Price,Per,Price Unit,Currency,Commodity Code,Material Status,Status valid from,Vendor Number,Vendor Name,Creation Date,ECM No
H,P1G3010705,DECO. JAR 50ML/COPY CHAN,,203760,,,,,0,168,"106,560",830.79,1000,EA,EUR,Jars - Plastic,,0,10107689,TECHNIMARK GMBH,20200116,
D,P1G3010705,,Whitman UK,10800,EA,1/21/2020,ASN,4502052789/00010,28,0,COMMIT,0,0,,,,In Line,20180810,10107689,,20200116,
D,P1G3010705,,Whitman UK,7200,EA,1/22/2020,ASN,4502057947/00010,28,0,COMMIT,0,0,,,,In Line,20180810,10107689,,20200116,
D,P1G3010705,,Whitman UK,10080,EA,2/4/2020,OA,4502070666/00010,28,0,COMMIT,0,0,,,,In Line,20180810,10107689,,20200116,
D,P1G3010705,,Whitman UK,10080,EA,3/20/2020,EXP,4502070667/00010,28,0,COMMIT,0,0,,,,In Line,20180810,10107689,,20200116,
D,P1G3010705,,Whitman UK,10800,EA,3/24/2020,PR,1355008717/00999,28,0,COMMIT,0,0,,,,In Line,20180810,10107689,,20200116,
D,P1G3010705,,Whitman UK,3600,EA,4/21/2020,PR,1355008718/00999,28,0,COMMIT,0,0,,,,In Line,20180810,10107689,,20200116,
D,P1G3010705,,Whitman UK,18720,EA,4/21/2020,PR,1357407750/00999,28,0,COMMIT,0,0,,,,In Line,20180810,10107689,,20200116,
D,P1G3010705,,Whitman UK,5040,EA,5/19/2020,PR,1355008720/00999,28,0,COMMIT,0,0,,,,In Line,20180810,10107689,,20200116,
D,P1G3010705,,Whitman UK,2880,EA,5/26/2020,PR,1355008721/00999,28,0,COMMIT,0,0,,,,In Line,20180810,10107689,,20200116,
D,P1G3010705,,Whitman UK,18000,EA,6/2/2020,PR,1355008722/00999,28,0,COMMIT,0,0,,,,In Line,20180810,10107689,,20200116,
D,P1G3010705,,Whitman UK,2880,EA,6/16/2020,PR,1355008723/00999,28,0,COMMIT,0,0,,,,In Line,20180810,10107689,,20200116,
D,P1G3010705,,Whitman UK,6480,EA,6/23/2020,PR,1355008724/00999,28,0,COMMIT,0,0,,,,In Line,20180810,10107689,,20200116,
D,P1G3010705,,Whitman UK,21600,EA,7/14/2020,PR,1355008725/00999,28,0,,0,0,,,,In Line,20180810,10107689,,20200116,
D,P1G3010705,,Whitman UK,3600,EA,7/21/2020,PR,1355008726/00999,28,0,,0,0,,,,In Line,20180810,10107689,,20200116,
D,P1G3010705,,Whitman UK,5760,EA,8/11/2020,PR,1355008727/00999,28,0,,0,0,,,,In Line,20180810,10107689,,20200116,
D,P1G3010705,,Whitman UK,16560,EA,9/1/2020,PR,1355008719/00999,28,0,,0,0,,,,In Line,20180810,10107689,,20200116,
D,P1G3010705,,Whitman UK,12240,EA,9/15/2020,PR,1355008728/00999,28,0,,0,0,,,,In Line,20180810,10107689,,20200116,
D,P1G3010705,,Whitman UK,720,EA,10/6/2020,PR,1355008729/00999,28,0,,0,0,,,,In Line,20180810,10107689,,20200116,
D,P1G3010705,,Whitman UK,5040,EA,10/13/2020,PR,1355008730/00999,28,0,,0,0,,,,In Line,20180810,10107689,,20200116,
D,P1G3010705,,Whitman UK,15840,EA,10/20/2020,PR,1357407751/00999,28,0,,0,0,,,,In Line,20180810,10107689,,20200116,
D,P1G3010705,,Whitman UK,7200,EA,11/10/2020,PR,1355008731/00999,28,0,,0,0,,,,In Line,20180810,10107689,,20200116,
D,P1G3010705,,Whitman UK,5760,EA,12/1/2020,PR,1355008732/00999,28,0,,0,0,,,,In Line,20180810,10107689,,20200116,
D,P1G3010705,,Whitman UK,2880,EA,1/5/2021,PR,1355008733/00999,28,0,,0,0,,,,In Line,20180810,10107689,,20200116,
H,P1G3016705,DECO. JAR 50ML/COPY CHAN,,16560,,,,,0,168,"8,640",1014.27,1000,EA,EUR,Jars - Plastic,,0,10107689,TECHNIMARK GMBH,20200116,
D,P1G3016705,,Whitman UK,2160,EA,2/18/2020,OA,4502073530/00010,28,0,COMMIT,0,0,,,,In Line,20180810,10107689,,20200116,
D,P1G3016705,,Whitman UK,2160,EA,3/16/2020,PR,1355008946/00999,28,0,COMMIT,0,0,,,,In Line,20180810,10107689,,20200116,
D,P1G3016705,,Whitman UK,720,EA,4/16/2020,PR,1355008947/00999,28,0,COMMIT,0,0,,,,In Line,20180810,10107689,,20200116,
D,P1G3016705,,Whitman UK,2160,EA,5/13/2020,PR,1355008948/00999,28,0,COMMIT,0,0,,,,In Line,20180810,10107689,,20200116,
D,P1G3016705,,Whitman UK,1440,EA,6/8/2020,PR,1355008949/00999,28,0,COMMIT,0,0,,,,In Line,20180810,10107689,,20200116,
D,P1G3016705,,Whitman UK,2160,EA,7/10/2020,PR,1355008950/00999,28,0,,0,0,,,,In Line,20180810,10107689,,20200116,
D,P1G3016705,,Whitman UK,1440,EA,9/2/2020,PR,1355008951/00999,28,0,,0,0,,,,In Line,20180810,10107689,,20200116,
D,P1G3016705,,Whitman UK,2160,EA,9/30/2020,PR,1355008952/00999,28,0,,0,0,,,,In Line,20180810,10107689,,20200116,
D,P1G3016705,,Whitman UK,720,EA,10/28/2020,PR,1355008953/00999,28,0,,0,0,,,,In Line,20180810,10107689,,20200116,
D,P1G3016705,,Whitman UK,1440,EA,11/20/2020,PR,1355008954/00999,28,0,,0,0,,,,In Line,20180810,10107689,,20200116,
H,P1G7010704,DECO.JAR 50ML/COPY CHANG,,172080,,,,,0,168,"44,640",830.79,1000,EA,EUR,Jars - Plastic,,0,10107689,TECHNIMARK GMBH,20200116,
D,P1G7010704,,Whitman UK,8640,EA,3/27/2020,EXP,4502070668/00010,28,0,COMMIT,0,0,,,,In Line,20180810,10107689,,20200116,
D,P1G7010704,,Whitman UK,10080,EA,4/15/2020,PR,1355009991/00999,28,0,COMMIT,0,0,,,,In Line,20180810,10107689,,20200116,
D,P1G7010704,,Whitman UK,13680,EA,5/8/2020,PR,1355009992/00999,28,0,COMMIT,0,0,,,,In Line,20180810,10107689,,20200116,
D,P1G7010704,,Whitman UK,12240,EA,6/8/2020,PR,1355009993/00999,28,0,COMMIT,0,0,,,,In Line,20180810,10107689,,20200116,
D,P1G7010704,,Whitman UK,16560,EA,7/6/2020,PR,1355009994/00999,28,0,,0,0,,,,In Line,20180810,10107689,,20200116,
D,P1G7010704,,Whitman UK,16560,EA,8/3/2020,PR,1355009995/00999,28,0,,0,0,,,,In Line,20180810,10107689,,20200116,
D,P1G7010704,,Whitman UK,10800,EA,8/28/2020,PR,1355009996/00999,28,0,,0,0,,,,In Line,20180810,10107689,,20200116,
D,P1G7010704,,Whitman UK,17280,EA,9/30/2020,PR,1355009997/00999,28,0,,0,0,,,,In Line,20180810,10107689,,20200116,
D,P1G7010704,,Whitman UK,5760,EA,10/28/2020,PR,1355009998/00999,28,0,,0,0,,,,In Line,20180810,10107689,,20200116,
D,P1G7010704,,Whitman UK,9360,EA,11/25/2020,PR,1355009999/00999,28,0,,0,0,,,,In Line,20180810,10107689,,20200116,
D,P1G7010704,,Whitman UK,7920,EA,12/17/2020,PR,1355010000/00999,28,0,,0,0,,,,In Line,20180810,10107689,,20200116,
D,P1G7010704,,Whitman UK,6480,EA,1/20/2021,PR,1355010001/00999,28,0,,0,0,,,,In Line,20180810,10107689,,20200116,
D,P1G7010704,,Whitman UK,3600,EA,2/18/2021,PR,1355010002/00999,28,0,,0,0,,,,In Line,20180810,10107689,,20200116,
D,P1G7010704,,Whitman UK,4320,EA,3/16/2021,PR,1355010003/00999,28,0,,0,0,,,,In Line,20180810,10107689,,20200116,
D,P1G7010704,,Whitman UK,3600,EA,4/14/2021,PR,1355010004/00999,28,0,,0,0,,,,In Line,20180810,10107689,,20200116,
D,P1G7010704,,Whitman UK,3600,EA,5/12/2021,PR,1355010005/00999,28,0,,0,0,,,,In Line,20180810,10107689,,20200116,
D,P1G7010704,,Whitman UK,4320,EA,6/10/2021,PR,1355010006/00999,28,0,,0,0,,,,In Line,20180810,10107689,,20200116,
D,P1G7010704,,Whitman UK,3600,EA,7/8/2021,PR,1355010007/00999,28,0,,0,0,,,,In Line,20180810,10107689,,20200116,
D,P1G7010704,,Whitman UK,4320,EA,8/4/2021,PR,1355010008/00999,28,0,,0,0,,,,In Line,20180810,10107689,,20200116,
D,P1G7010704,,Whitman UK,3600,EA,9/2/2021,PR,1355010009/00999,28,0,,0,0,,,,In Line,20180810,10107689,,20200116,
D,P1G7010704,,Whitman UK,3600,EA,9/30/2021,PR,1355010010/00999,28,0,,0,0,,,,In Line,20180810,10107689,,20200116,
D,P1G7010704,,Whitman UK,2160,EA,10/28/2021,PR,1355010011/00999,28,0,,0,0,,,,In Line,20180810,10107689,,20200116,
H,P3N1010703,DECO.JAR 50ML/GERMANY,,138960,,,,,0,168,"55,440",826.92,1000,EA,EUR,Jars - Plastic,,0,10107689,TECHNIMARK GMBH,20200116,
D,P3N1010703,,Whitman UK,4320,EA,1/23/2020,ASN,4502052787/00010,28,0,COMMIT,0,0,,,,In Line,20180313,10107689,,20200116,
D,P3N1010703,,Whitman UK,3600,EA,3/10/2020,OA,4502073175/00010,28,0,COMMIT,0,0,,,,In Line,20180313,10107689,,20200116,
D,P3N1010703,,Whitman UK,20160,EA,3/19/2020,PR,1355015135/00999,28,0,COMMIT,0,0,,,,In Line,20180313,10107689,,20200116,
D,P3N1010703,,Whitman UK,5760,EA,4/20/2020,PR,1355015136/00999,28,0,COMMIT,0,0,,,,In Line,20180313,10107689,,20200116,
D,P3N1010703,,Whitman UK,7920,EA,5/5/2020,PR,1357429568/00999,28,0,COMMIT,0,0,,,,In Line,20180313,10107689,,20200116,
D,P3N1010703,,Whitman UK,2880,EA,5/13/2020,PR,1355015137/00999,28,0,COMMIT,0,0,,,,In Line,20180313,10107689,,20200116,
D,P3N1010703,,Whitman UK,10800,EA,6/11/2020,PR,1355015138/00999,28,0,COMMIT,0,0,,,,In Line,20180313,10107689,,20200116,
D,P3N1010703,,Whitman UK,10080,EA,7/9/2020,PR,1355015139/00999,28,0,,0,0,,,,In Line,20180313,10107689,,20200116,
D,P3N1010703,,Whitman UK,7200,EA,8/6/2020,PR,1355015140/00999,28,0,,0,0,,,,In Line,20180313,10107689,,20200116,
D,P3N1010703,,Whitman UK,5760,EA,9/3/2020,PR,1355015141/00999,28,0,,0,0,,,,In Line,20180313,10107689,,20200116,
D,P3N1010703,,Whitman UK,15840,EA,10/5/2020,PR,1355015142/00999,28,0,,0,0,,,,In Line,20180313,10107689,,20200116,
D,P3N1010703,,Whitman UK,10080,EA,11/2/2020,PR,1355015143/00999,28,0,,0,0,,,,In Line,20180313,10107689,,20200116,
D,P3N1010703,,Whitman UK,7920,EA,11/30/2020,PR,1355015144/00999,28,0,,0,0,,,,In Line,20180313,10107689,,20200116,
D,P3N1010703,,Whitman UK,9360,EA,12/22/2020,PR,1355015145/00999,28,0,,0,0,,,,In Line,20180313,10107689,,20200116,
D,P3N1010703,,Whitman UK,8640,EA,1/25/2021,PR,1355015146/00999,28,0,,0,0,,,,In Line,20180313,10107689,,20200116,
D,P3N1010703,,Whitman UK,2160,EA,2/22/2021,PR,1355015147/00999,28,0,,0,0,,,,In Line,20180313,10107689,,20200116,
D,P3N1010703,,Whitman UK,720,EA,3/22/2021,PR,1355015148/00999,28,0,,0,0,,,,In Line,20180313,10107689,,20200116,
D,P3N1010703,,Whitman UK,1440,EA,4/20/2021,PR,1355015149/00999,28,0,,0,0,,,,In Line,20180313,10107689,,20200116,
D,P3N1010703,,Whitman UK,720,EA,6/16/2021,PR,1355015150/00999,28,0,,0,0,,,,In Line,20180313,10107689,,20200116,
D,P3N1010703,,Whitman UK,720,EA,7/14/2021,PR,1357407976/00999,28,0,,0,0,,,,In Line,20180313,10107689,,20200116,
D,P3N1010703,,Whitman UK,2160,EA,9/8/2021,PR,1355015152/00999,28,0,,0,0,,,,In Line,20180313,10107689,,20200116,
D,P3N1010703,,Whitman UK,720,EA,10/6/2021,PR,1355015153/00999,28,0,,0,0,,,,In Line,20180313,10107689,,20200116,
H,P3N1011703,DECO.JAR 50ML/GERMANY,,24480,,,,,0,168,"13,680",748.94,1000,EA,EUR,Jars - Plastic,,0,10107689,TECHNIMARK GMBH,20200116,
D,P3N1011703,,Whitman UK,5760,EA,2/20/2020,OA,4502070664/00010,28,0,COMMIT,0,0,,,,In Line,20180313,10107689,,20200116,
D,P3N1011703,,Whitman UK,6480,EA,2/25/2020,OA,4502073177/00010,28,0,COMMIT,0,0,,,,In Line,20180313,10107689,,20200116,
D,P3N1011703,,Whitman UK,1440,EA,3/23/2020,PR,1355157705/00999,28,0,COMMIT,0,0,,,,In Line,20180313,10107689,,20200116,
D,P3N1011703,,Whitman UK,3600,EA,7/10/2020,PR,1355015311/00999,28,0,,0,0,,,,In Line,20180313,10107689,,20200116,
D,P3N1011703,,Whitman UK,1440,EA,8/6/2020,PR,1355015312/00999,28,0,,0,0,,,,In Line,20180313,10107689,,20200116,
D,P3N1011703,,Whitman UK,1440,EA,9/4/2020,PR,1355015313/00999,28,0,,0,0,,,,In Line,20180313,10107689,,20200116,
D,P3N1011703,,Whitman UK,720,EA,10/5/2020,PR,1355015314/00999,28,0,,0,0,,,,In Line,20180313,10107689,,20200116,
D,P3N1011703,,Whitman UK,2880,EA,11/2/2020,PR,1355015315/00999,28,0,,0,0,,,,In Line,20180313,10107689,,20200116,
D,P3N1011703,,Whitman UK,720,EA,11/30/2020,PR,1355015316/00999,28,0,,0,0,,,,In Line,20180313,10107689,,20200116,
H,P3N1018703,DECO.JAR 50ML/GERMANY,,720,,,,,0,168,720,1010.4,1000,EA,EUR,Jars - Plastic,,0,10107689,TECHNIMARK GMBH,20200116,
D,P3N1018703,,Whitman UK,720,EA,2/10/2020,PR,1354989935/00999,28,0,COMMIT,0,0,,,,In Line,20180313,10107689,,20200116,
H,R3YK010707,DECO. JAR (TECH) COPY CH,,20160,,,,,0,168,"3,600",856.19,1000,EA,EUR,Jars - Plastic,,0,10107689,TECHNIMARK GMBH,20200116,
D,R3YK010707,,Whitman UK,3600,EA,2/6/2020,OA,4502070670/00010,18,0,COMMIT,0,0,,,,In Line,20180831,10107689,,20200116,
D,R3YK010707,,Whitman UK,1440,EA,7/21/2020,PR,1355020773/00999,18,0,,0,0,,,,In Line,20180831,10107689,,20200116,
D,R3YK010707,,Whitman UK,2160,EA,8/17/2020,PR,1355020774/00999,18,0,,0,0,,,,In Line,20180831,10107689,,20200116,
D,R3YK010707,,Whitman UK,3600,EA,9/16/2020,PR,1355020775/00999,18,0,,0,0,,,,In Line,20180831,10107689,,20200116,
D,R3YK010707,,Whitman UK,2160,EA,10/14/2020,PR,1355020776/00999,18,0,,0,0,,,,In Line,20180831,10107689,,20200116,
D,R3YK010707,,Whitman UK,2880,EA,11/11/2020,PR,1355020777/00999,18,0,,0,0,,,,In Line,20180831,10107689,,20200116,
D,R3YK010707,,Whitman UK,2160,EA,12/3/2020,PR,1355020778/00999,18,0,,0,0,,,,In Line,20180831,10107689,,20200116,
D,R3YK010707,,Whitman UK,720,EA,1/6/2021,PR,1355020779/00999,18,0,,0,0,,,,In Line,20180831,10107689,,20200116,
D,R3YK010707,,Whitman UK,1440,EA,2/3/2021,PR,1355020780/00999,18,0,,0,0,,,,In Line,20180831,10107689,,20200116,
H,RJ18010704,DECO JAR 50ML (TECH GERM,,756000,,,,,0,168,"410,400",789.33,1000,EA,EUR,Jars - Plastic,,0,10107689,TECHNIMARK GMBH,20200116,
D,RJ18010704,,Whitman UK,2880,EA,1/28/2020,EXP,4502051474/00010,18,0,COMMIT,0,0,,,,In Line,20170622,10107689,,20200116,
D,RJ18010704,,Whitman UK,10080,EA,1/30/2020,ASN,4502070658/00010,18,0,COMMIT,0,0,,,,In Line,20170622,10107689,,20200116,
D,RJ18010704,,Whitman UK,4320,EA,2/3/2020,OA,4502057946/00010,18,0,COMMIT,0,0,,,,In Line,20170622,10107689,,20200116,
D,RJ18010704,,Whitman UK,15120,EA,2/7/2020,OA,4502057959/00010,18,0,COMMIT,0,0,,,,In Line,20170622,10107689,,20200116,
D,RJ18010704,,Whitman UK,48960,EA,2/12/2020,OA,4502070659/00010,18,0,COMMIT,0,0,,,,In Line,20170622,10107689,,20200116,
D,RJ18010704,,Whitman UK,8640,EA,2/17/2020,PR,1357408871/00999,18,0,COMMIT,0,0,,,,In Line,20170622,10107689,,20200116,
D,RJ18010704,,Whitman UK,17280,EA,2/17/2020,OA,4502073171/00010,18,0,COMMIT,0,0,,,,In Line,20170622,10107689,,20200116,
D,RJ18010704,,Whitman UK,33840,EA,3/13/2020,PR,1355157893/00999,18,0,COMMIT,0,0,,,,In Line,20170622,10107689,,20200116,
D,RJ18010704,,Whitman UK,45360,EA,3/30/2020,PR,1355032921/00999,18,0,COMMIT,0,0,,,,In Line,20170622,10107689,,20200116,
D,RJ18010704,,Whitman UK,4320,EA,4/8/2020,PR,1355032923/00999,18,0,COMMIT,0,0,,,,In Line,20170622,10107689,,20200116,
D,RJ18010704,,Whitman UK,28080,EA,4/17/2020,PR,1355032924/00999,18,0,COMMIT,0,0,,,,In Line,20170622,10107689,,20200116,
D,RJ18010704,,Whitman UK,10800,EA,4/22/2020,PR,1355032925/00999,18,0,COMMIT,0,0,,,,In Line,20170622,10107689,,20200116,
D,RJ18010704,,Whitman UK,2880,EA,5/7/2020,PR,1355032927/00999,18,0,COMMIT,0,0,,,,In Line,20170622,10107689,,20200116,
D,RJ18010704,,Whitman UK,32400,EA,5/13/2020,PR,1355032928/00999,18,0,COMMIT,0,0,,,,In Line,20170622,10107689,,20200116,
D,RJ18010704,,Whitman UK,80640,EA,5/20/2020,PR,1355032929/00999,18,0,COMMIT,0,0,,,,In Line,20170622,10107689,,20200116,
D,RJ18010704,,Whitman UK,3600,EA,6/5/2020,PR,1355032931/00999,18,0,COMMIT,0,0,,,,In Line,20170622,10107689,,20200116,
D,RJ18010704,,Whitman UK,35280,EA,6/12/2020,PR,1355032932/00999,18,0,COMMIT,0,0,,,,In Line,20170622,10107689,,20200116,
D,RJ18010704,,Whitman UK,25920,EA,6/25/2020,PR,1355032933/00999,18,0,COMMIT,0,0,,,,In Line,20170622,10107689,,20200116,
D,RJ18010704,,Whitman UK,4320,EA,7/2/2020,PR,1355032934/00999,18,0,,0,0,,,,In Line,20170622,10107689,,20200116,
D,RJ18010704,,Whitman UK,36720,EA,7/10/2020,PR,1355032935/00999,18,0,,0,0,,,,In Line,20170622,10107689,,20200116,
D,RJ18010704,,Whitman UK,6480,EA,8/3/2020,PR,1355032936/00999,18,0,,0,0,,,,In Line,20170622,10107689,,20200116,
D,RJ18010704,,Whitman UK,40320,EA,8/7/2020,PR,1355032937/00999,18,0,,0,0,,,,In Line,20170622,10107689,,20200116,
D,RJ18010704,,Whitman UK,2880,EA,8/26/2020,PR,1355032938/00999,18,0,,0,0,,,,In Line,20170622,10107689,,20200116,
D,RJ18010704,,Whitman UK,46080,EA,9/3/2020,PR,1355032939/00999,18,0,,0,0,,,,In Line,20170622,10107689,,20200116,
D,RJ18010704,,Whitman UK,48960,EA,9/30/2020,PR,1355032940/00999,18,0,,0,0,,,,In Line,20170622,10107689,,20200116,
D,RJ18010704,,Whitman UK,30240,EA,10/28/2020,PR,1355032941/00999,18,0,,0,0,,,,In Line,20170622,10107689,,20200116,
D,RJ18010704,,Whitman UK,36000,EA,11/25/2020,PR,1355032942/00999,18,0,,0,0,,,,In Line,20170622,10107689,,20200116,
D,RJ18010704,,Whitman UK,3600,EA,12/17/2020,PR,1355032943/00999,18,0,,0,0,,,,In Line,20170622,10107689,,20200116,
D,RJ18010704,,Whitman UK,33120,EA,12/22/2020,PR,1355032944/00999,18,0,,0,0,,,,In Line,20170622,10107689,,20200116,
D,RJ18010704,,Whitman UK,23760,EA,1/20/2021,PR,1355032945/00999,18,0,,0,0,,,,In Line,20170622,10107689,,20200116,
D,RJ18010704,,Whitman UK,5040,EA,2/17/2021,PR,1355032946/00999,18,0,,0,0,,,,In Line,20170622,10107689,,20200116,
D,RJ18010704,,Whitman UK,2880,EA,3/15/2021,PR,1355032947/00999,18,0,,0,0,,,,In Line,20170622,10107689,,20200116,
D,RJ18010704,,Whitman UK,2880,EA,4/13/2021,PR,1355032948/00999,18,0,,0,0,,,,In Line,20170622,10107689,,20200116,
D,RJ18010704,,Whitman UK,3600,EA,5/11/2021,PR,1355032949/00999,18,0,,0,0,,,,In Line,20170622,10107689,,20200116,
D,RJ18010704,,Whitman UK,3600,EA,6/9/2021,PR,1355032950/00999,18,0,,0,0,,,,In Line,20170622,10107689,,20200116,
D,RJ18010704,,Whitman UK,2880,EA,7/7/2021,PR,1355032951/00999,18,0,,0,0,,,,In Line,20170622,10107689,,20200116,
D,RJ18010704,,Whitman UK,2880,EA,8/4/2021,PR,1355032952/00999,18,0,,0,0,,,,In Line,20170622,10107689,,20200116,
D,RJ18010704,,Whitman UK,3600,EA,9/1/2021,PR,1355032953/00999,18,0,,0,0,,,,In Line,20170622,10107689,,20200116,
D,RJ18010704,,Whitman UK,2160,EA,9/29/2021,PR,1355032954/00999,18,0,,0,0,,,,In Line,20170622,10107689,,20200116,
D,RJ18010704,,Whitman UK,2160,EA,10/27/2021,PR,1355032955/00999,18,0,,0,0,,,,In Line,20170622,10107689,,20200116,
D,RJ18010704,,Whitman UK,1440,EA,11/24/2021,PR,1355032930/00999,18,0,,0,0,,,,In Line,20170622,10107689,,20200116,
H,RJ1801P704,DECO JAR 50ML (TECH GERM,,354960,,,,,0,168,"354,960",789.33,1000,EA,EUR,Jars - Plastic,,0,10107689,TECHNIMARK GMBH,20200116,
D,RJ1801P704,,Whitman UK,10800,EA,1/30/2020,OA,4502070660/00010,18,0,COMMIT,0,0,,,,In Line,20170622,10107689,,20200116,
D,RJ1801P704,,Whitman UK,25920,EA,1/31/2020,EXP,4502052785/00010,18,0,COMMIT,0,0,,,,In Line,20170622,10107689,,20200116,
D,RJ1801P704,,Whitman UK,95040,EA,2/7/2020,OA,4502057960/00010,18,0,COMMIT,0,0,,,,In Line,20170622,10107689,,20200116,
D,RJ1801P704,,Whitman UK,30960,EA,2/19/2020,OA,4502070661/00010,18,0,COMMIT,0,0,,,,In Line,20170622,10107689,,20200116,
D,RJ1801P704,,Whitman UK,40320,EA,2/24/2020,OA,4502073172/00010,18,0,COMMIT,0,0,,,,In Line,20170622,10107689,,20200116,
D,RJ1801P704,,Whitman UK,34560,EA,3/25/2020,PR,1355033046/00999,18,0,COMMIT,0,0,,,,In Line,20170622,10107689,,20200116,
D,RJ1801P704,,Whitman UK,33840,EA,4/20/2020,PR,1355033047/00999,18,0,COMMIT,0,0,,,,In Line,20170622,10107689,,20200116,
D,RJ1801P704,,Whitman UK,31680,EA,5/14/2020,PR,1355033048/00999,18,0,COMMIT,0,0,,,,In Line,20170622,10107689,,20200116,
D,RJ1801P704,,Whitman UK,51840,EA,6/15/2020,PR,1355033049/00999,18,0,COMMIT,0,0,,,,In Line,20170622,10107689,,20200116,
H,RRLM010707,DECO. JAR (TMG),,336960,,,,,0,168,"54,000",809.35,1000,EA,EUR,Jars - Plastic,,0,10107689,TECHNIMARK GMBH,20200116,
D,RRLM010707,,Melville Manufacturing,31680,EA,5/5/2020,OA,4502070669/00010,91,0,COMMIT,0,0,,,,In Line,20180320,10107689,,20200116,
D,RRLM010707,,Melville Manufacturing,22320,EA,6/18/2020,PR,1354868738/00999,91,0,COMMIT,0,0,,,,In Line,20180320,10107689,,20200116,
D,RRLM010707,,Melville Manufacturing,32400,EA,7/15/2020,PR,1354868739/00999,91,0,,0,0,,,,In Line,20180320,10107689,,20200116,
D,RRLM010707,,Melville Manufacturing,43200,EA,8/13/2020,PR,1354868740/00999,91,0,,0,0,,,,In Line,20180320,10107689,,20200116,
D,RRLM010707,,Melville Manufacturing,29520,EA,9/9/2020,PR,1354868741/00999,91,0,,0,0,,,,In Line,20180320,10107689,,20200116,
D,RRLM010707,,Melville Manufacturing,33840,EA,10/6/2020,PR,1354868742/00999,91,0,,0,0,,,,In Line,20180320,10107689,,20200116,
D,RRLM010707,,Melville Manufacturing,26640,EA,11/3/2020,PR,1354868743/00999,91,0,,0,0,,,,In Line,20180320,10107689,,20200116,
D,RRLM010707,,Melville Manufacturing,22320,EA,12/1/2020,PR,1354868744/00999,91,0,,0,0,,,,In Line,20180320,10107689,,20200116,
D,RRLM010707,,Melville Manufacturing,21600,EA,12/23/2020,PR,1354868745/00999,91,0,,0,0,,,,In Line,20180320,10107689,,20200116,
D,RRLM010707,,Melville Manufacturing,15840,EA,1/26/2021,PR,1354868746/00999,91,0,,0,0,,,,In Line,20180320,10107689,,20200116,
D,RRLM010707,,Melville Manufacturing,7200,EA,2/23/2021,PR,1354868747/00999,91,0,,0,0,,,,In Line,20180320,10107689,,20200116,
D,RRLM010707,,Melville Manufacturing,5760,EA,3/23/2021,PR,1354868748/00999,91,0,,0,0,,,,In Line,20180320,10107689,,20200116,
D,RRLM010707,,Melville Manufacturing,6480,EA,4/20/2021,PR,1354868749/00999,91,0,,0,0,,,,In Line,20180320,10107689,,20200116,
D,RRLM010707,,Melville Manufacturing,7200,EA,5/17/2021,PR,1354868750/00999,91,0,,0,0,,,,In Line,20180320,10107689,,20200116,
D,RRLM010707,,Melville Manufacturing,5760,EA,6/15/2021,PR,1354868751/00999,91,0,,0,0,,,,In Line,20180320,10107689,,20200116,
D,RRLM010707,,Melville Manufacturing,7200,EA,7/13/2021,PR,1354868752/00999,91,0,,0,0,,,,In Line,20180320,10107689,,20200116,
D,RRLM010707,,Melville Manufacturing,6480,EA,8/10/2021,PR,1354868753/00999,91,0,,0,0,,,,In Line,20180320,10107689,,20200116,
D,RRLM010707,,Melville Manufacturing,4320,EA,9/7/2021,PR,1354868754/00999,91,0,,0,0,,,,In Line,20180320,10107689,,20200116,
D,RRLM010707,,Melville Manufacturing,4320,EA,10/5/2021,PR,1354868755/00999,91,0,,0,0,,,,In Line,20180320,10107689,,20200116,
D,RRLM010707,,Melville Manufacturing,2880,EA,11/2/2021,PR,1354868756/00999,91,0,,0,0,,,,In Line,20180320,10107689,,20200116,
H,RTL7016702,DECO. JAR (NEW),,267840,,,,,0,168,"267,840",856.19,1000,EA,EUR,Jars - Plastic,,0,10107689,TECHNIMARK GMBH,20200116,
D,RTL7016702,,Whitman UK,18720,EA,1/16/2020,ASN,4502037054/00010,18,0,COMMIT,0,0,,,,In Line,20170622,10107689,,20200116,
D,RTL7016702,,Whitman UK,6480,EA,1/22/2020,ASN,4502037054/00010,18,0,COMMIT,0,0,,,,In Line,20170622,10107689,,20200116,
D,RTL7016702,,Whitman UK,10080,EA,1/22/2020,ASN,4502052784/00010,18,0,COMMIT,0,0,,,,In Line,20170622,10107689,,20200116,
D,RTL7016702,,Whitman UK,6480,EA,1/31/2020,EXP,4501977311/00010,18,0,COMMIT,0,0,,,,In Line,20170622,10107689,,20200116,
D,RTL7016702,,Whitman UK,35280,EA,2/3/2020,OA,4502070663/00010,18,0,COMMIT,0,0,,,,In Line,20170622,10107689,,20200116,
D,RTL7016702,,Whitman UK,50400,EA,2/11/2020,PR,1357443142/00999,18,0,COMMIT,0,0,,,,In Line,20170622,10107689,,20200116,
D,RTL7016702,,Whitman UK,2880,EA,2/19/2020,OA,4502073174/00010,18,0,COMMIT,0,0,,,,In Line,20170622,10107689,,20200116,
D,RTL7016702,,Whitman UK,60480,EA,3/3/2020,PR,1357443143/00999,18,0,COMMIT,0,0,,,,In Line,20170622,10107689,,20200116,
D,RTL7016702,,Whitman UK,51840,EA,3/27/2020,PR,1355036166/00999,18,0,COMMIT,0,0,,,,In Line,20170622,10107689,,20200116,
D,RTL7016702,,Whitman UK,720,EA,4/8/2020,PR,1355036167/00999,18,0,COMMIT,0,0,,,,In Line,20170622,10107689,,20200116,
D,RTL7016702,,Whitman UK,11520,EA,5/15/2020,PR,1355036168/00999,18,0,COMMIT,0,0,,,,In Line,20170622,10107689,,20200116,
D,RTL7016702,,Whitman UK,12960,EA,6/22/2020,PR,1355036169/00999,18,0,COMMIT,0,0,,,,In Line,20170622,10107689,,20200116,
H,RTM5010704,DECO. JAR - 50ML (TMG),,41040,,,,,0,168,"41,040",810.76,1000,EA,EUR,Jars - Plastic,,0,10107689,TECHNIMARK GMBH,20200116,
D,RTM5010704,,Whitman UK,6480,EA,1/30/2020,ASN,4502052788/00010,18,0,COMMIT,0,0,,,,In Line,20180329,10107689,,20200116,
D,RTM5010704,,Whitman UK,1440,EA,1/30/2020,ASN,4502070665/00010,18,0,COMMIT,0,0,,,,In Line,20180329,10107689,,20200116,
D,RTM5010704,,Whitman UK,2880,EA,2/13/2020,OA,4502073179/00010,18,0,COMMIT,0,0,,,,In Line,20180329,10107689,,20200116,
D,RTM5010704,,Whitman UK,9360,EA,3/16/2020,PR,1354992765/00999,18,0,COMMIT,0,0,,,,In Line,20180329,10107689,,20200116,
D,RTM5010704,,Whitman UK,2880,EA,4/17/2020,PR,1354992766/00999,18,0,COMMIT,0,0,,,,In Line,20180329,10107689,,20200116,
D,RTM5010704,,Whitman UK,7920,EA,5/13/2020,PR,1357322380/00999,18,0,COMMIT,0,0,,,,In Line,20180329,10107689,,20200116,
D,RTM5010704,,Whitman UK,10080,EA,6/10/2020,PR,1354992768/00999,18,0,COMMIT,0,0,,,,In Line,20180329,10107689,,20200116,
H,WFJM01070G,DECO JAR 50ML (TECH GERM,,266400,,,,,0,168,"266,400",663.41,1000,EA,EUR,Jars - Plastic,,0,10107689,TECHNIMARK GMBH,20200116,
D,WFJM01070G,,Whitman UK,27360,EA,1/27/2020,ASN,4502052783/00010,18,0,COMMIT,0,0,,,,In Line,20160701,10107689,,20200116,
D,WFJM01070G,,Whitman UK,15120,EA,1/30/2020,ASN,4502070653/00010,18,0,COMMIT,0,0,,,,In Line,20160701,10107689,,20200116,
D,WFJM01070G,,Whitman UK,7920,EA,2/10/2020,OA,4502070654/00010,18,0,COMMIT,0,0,,,,In Line,20160701,10107689,,20200116,
D,WFJM01070G,,Whitman UK,9360,EA,2/17/2020,PR,1357325217/00999,18,0,COMMIT,0,0,,,,In Line,20160701,10107689,,20200116,
D,WFJM01070G,,Whitman UK,6480,EA,2/24/2020,PR,1355179989/00999,18,0,COMMIT,0,0,,,,In Line,20160701,10107689,,20200116,
D,WFJM01070G,,Whitman UK,720,EA,3/9/2020,PR,1355052005/00999,18,0,COMMIT,0,0,,,,In Line,20160701,10107689,,20200116,
D,WFJM01070G,,Whitman UK,10080,EA,3/16/2020,PR,1355158965/00999,18,0,COMMIT,0,0,,,,In Line,20160701,10107689,,20200116,
D,WFJM01070G,,Whitman UK,37440,EA,3/27/2020,PR,1357409284/00999,18,0,COMMIT,0,0,,,,In Line,20160701,10107689,,20200116,
D,WFJM01070G,,Whitman UK,80640,EA,4/20/2020,PR,1355052008/00999,18,0,COMMIT,0,0,,,,In Line,20160701,10107689,,20200116,
D,WFJM01070G,,Whitman UK,1440,EA,4/27/2020,PR,1355052009/00999,18,0,COMMIT,0,0,,,,In Line,20160701,10107689,,20200116,
D,WFJM01070G,,Whitman UK,20880,EA,5/11/2020,PR,1355052010/00999,18,0,COMMIT,0,0,,,,In Line,20160701,10107689,,20200116,
D,WFJM01070G,,Whitman UK,1440,EA,5/22/2020,PR,1355052011/00999,18,0,COMMIT,0,0,,,,In Line,20160701,10107689,,20200116,
D,WFJM01070G,,Whitman UK,24480,EA,6/15/2020,PR,1355052012/00999,18,0,COMMIT,0,0,,,,In Line,20160701,10107689,,20200116,
D,WFJM01070G,,Whitman UK,23040,EA,6/22/2020,PR,1355052013/00999,18,0,COMMIT,0,0,,,,In Line,20160701,10107689,,20200116,
H,Y6NF010706,DECO JAR (TECH GERMANY),,54000,,,,,0,168,"54,000",684.85,1000,EA,EUR,Jars - Plastic,,0,10107689,TECHNIMARK GMBH,20200116,
D,Y6NF010706,,Whitman UK,6480,EA,1/23/2020,ASN,4502057945/00010,18,0,COMMIT,0,0,,,,In Line,20160701,10107689,,20200116,
D,Y6NF010706,,Whitman UK,10800,EA,1/30/2020,ASN,4502070655/00010,18,0,COMMIT,0,0,,,,In Line,20160701,10107689,,20200116,
D,Y6NF010706,,Whitman UK,8640,EA,2/7/2020,OA,4502070656/00010,18,0,COMMIT,0,0,,,,In Line,20160701,10107689,,20200116,
D,Y6NF010706,,Whitman UK,4320,EA,3/6/2020,PR,1357408654/00999,18,0,COMMIT,0,0,,,,In Line,20160701,10107689,,20200116,
D,Y6NF010706,,Whitman UK,2160,EA,3/30/2020,PR,1355028000/00999,18,0,COMMIT,0,0,,,,In Line,20160701,10107689,,20200116,
D,Y6NF010706,,Whitman UK,1440,EA,5/1/2020,PR,1355028001/00999,18,0,COMMIT,0,0,,,,In Line,20160701,10107689,,20200116,
D,Y6NF010706,,Whitman UK,10080,EA,5/29/2020,PR,1355028002/00999,18,0,COMMIT,0,0,,,,In Line,20160701,10107689,,20200116,
D,Y6NF010706,,Whitman UK,10080,EA,6/26/2020,PR,1355028003/00999,18,0,COMMIT,0,0,,,,In Line,20160701,10107689,,20200116,
H,Y6NJ010705,DECO JAR 50ML (TM GERMAN,,69840,,,,,0,168,"33,120",710.25,1000,EA,EUR,Jars - Plastic,,0,10107689,TECHNIMARK GMBH,20200116,
D,Y6NJ010705,,Whitman UK,6480,EA,1/24/2020,ASN,4502057958/00010,18,0,COMMIT,0,0,,,,In Line,20160920,10107689,,20200116,
D,Y6NJ010705,,Whitman UK,12960,EA,3/19/2020,EXP,4502070657/00010,18,0,COMMIT,0,0,,,,In Line,20160920,10107689,,20200116,
D,Y6NJ010705,,Whitman UK,4320,EA,4/9/2020,PR,1357408658/00999,18,0,COMMIT,0,0,,,,In Line,20160920,10107689,,20200116,
D,Y6NJ010705,,Whitman UK,9360,EA,6/15/2020,PR,1355028165/00999,18,0,COMMIT,0,0,,,,In Line,20160920,10107689,,20200116,
D,Y6NJ010705,,Whitman UK,5040,EA,7/13/2020,PR,1355028166/00999,18,0,,0,0,,,,In Line,20160920,10107689,,20200116,
D,Y6NJ010705,,Whitman UK,4320,EA,8/10/2020,PR,1355028167/00999,18,0,,0,0,,,,In Line,20160920,10107689,,20200116,
D,Y6NJ010705,,Whitman UK,3600,EA,9/7/2020,PR,1355028168/00999,18,0,,0,0,,,,In Line,20160920,10107689,,20200116,
D,Y6NJ010705,,Whitman UK,8640,EA,10/5/2020,PR,1355028169/00999,18,0,,0,0,,,,In Line,20160920,10107689,,20200116,
D,Y6NJ010705,,Whitman UK,3600,EA,11/2/2020,PR,1355028170/00999,18,0,,0,0,,,,In Line,20160920,10107689,,20200116,
D,Y6NJ010705,,Whitman UK,1440,EA,11/30/2020,PR,1355028171/00999,18,0,,0,0,,,,In Line,20160920,10107689,,20200116,
D,Y6NJ010705,,Whitman UK,7200,EA,12/21/2020,PR,1355028172/00999,18,0,,0,0,,,,In Line,20160920,10107689,,20200116,
D,Y6NJ010705,,Whitman UK,2880,EA,1/25/2021,PR,1355028173/00999,18,0,,0,0,,,,In Line,20160920,10107689,,20200116,
H,YTRX016707,DECO. JAR (TECH),,33840,,,,,0,168,"12,960",660.13,1000,EA,EUR,Jars - Plastic,,0,10107689,TECHNIMARK GMBH,20200116,
D,YTRX016707,,Whitman UK,4320,EA,5/11/2020,PR,1357324584/00999,18,0,COMMIT,0,0,,,,In Line,20170622,10107689,,20200116,
D,YTRX016707,,Whitman UK,5040,EA,6/16/2020,PR,1357324585/00999,18,0,COMMIT,0,0,,,,In Line,20170622,10107689,,20200116,
D,YTRX016707,,Whitman UK,3600,EA,6/16/2020,EXP,4502070662/00010,18,0,COMMIT,0,0,,,,In Line,20170622,10107689,,20200116,
D,YTRX016707,,Whitman UK,5040,EA,7/27/2020,PR,1357324586/00999,18,0,,0,0,,,,In Line,20170622,10107689,,20200116,
D,YTRX016707,,Whitman UK,5040,EA,9/8/2020,PR,1355033214/00999,18,0,,0,0,,,,In Line,20170622,10107689,,20200116,
D,YTRX016707,,Whitman UK,5040,EA,11/2/2020,PR,1355033216/00999,18,0,,0,0,,,,In Line,20170622,10107689,,20200116,
D,YTRX016707,,Whitman UK,5760,EA,12/22/2020,PR,1355033217/00999,18,0,,0,0,,,,In Line,20170622,10107689,,20200116,
